{
  "environments": {
    "hemosim/WarfarinDosing-v0": {
      "clinical_baseline": {
        "mean_reward": 18.3156203832073,
        "std_reward": 1.5621701240854806,
        "min_reward": 13.74454915080703,
        "max_reward": 20.107791100718117,
        "episodes": 100,
        "therapeutic_rate": 0.9443333333333334,
        "therapeutic_rate_std": 0.0011055415967851292,
        "episodes_majority_therapeutic": 1.0,
        "global_therapeutic_step_ratio": 0.9443333333333334
      },
      "random": {
        "mean_reward": 15.513629526174626,
        "std_reward": 4.696169383773787,
        "min_reward": 0.7267604267141272,
        "max_reward": 23.40593710711588,
        "episodes": 100,
        "therapeutic_rate": 0.9461111111111111,
        "therapeutic_rate_std": 0.009212846639876128,
        "episodes_majority_therapeutic": 1.0,
        "global_therapeutic_step_ratio": 0.9461111111111111
      },
      "ppo": null
    },
    "hemosim/HeparinInfusion-v0": {
      "clinical_baseline": {
        "mean_reward": -23.85932260798932,
        "std_reward": 0.1645849376882182,
        "min_reward": -23.950299179926816,
        "max_reward": -23.10849365565668,
        "episodes": 100,
        "therapeutic_rate": 0.0,
        "therapeutic_rate_std": 0.0,
        "episodes_majority_therapeutic": 0.0,
        "global_therapeutic_step_ratio": 0.0
      },
      "random": {
        "mean_reward": -24.668193296829557,
        "std_reward": 2.456824544643159,
        "min_reward": -31.79846861800141,
        "max_reward": -22.594747040986057,
        "episodes": 100,
        "therapeutic_rate": 0.03,
        "therapeutic_rate_std": 0.11874342087037916,
        "episodes_majority_therapeutic": 0.0,
        "global_therapeutic_step_ratio": 0.046875
      },
      "ppo": null
    },
    "hemosim/DOACManagement-v0": {
      "clinical_baseline": {
        "mean_reward": 12.37,
        "std_reward": 6.064082783076102,
        "min_reward": -14.5,
        "max_reward": 18.0,
        "episodes": 100,
        "therapeutic_rate": 0.0,
        "therapeutic_rate_std": 0.0,
        "episodes_majority_therapeutic": 0.0,
        "global_therapeutic_step_ratio": 0.0
      },
      "random": {
        "mean_reward": -24.695,
        "std_reward": 8.216719235802085,
        "min_reward": -44.5,
        "max_reward": -3.5,
        "episodes": 100,
        "therapeutic_rate": 0.0,
        "therapeutic_rate_std": 0.0,
        "episodes_majority_therapeutic": 0.0,
        "global_therapeutic_step_ratio": 0.0
      },
      "ppo": null
    },
    "hemosim/DICManagement-v0": {
      "clinical_baseline": {
        "mean_reward": -110.9245,
        "std_reward": 29.283477845877524,
        "min_reward": -178.39999999999998,
        "max_reward": -48.2,
        "episodes": 100,
        "therapeutic_rate": 0.0,
        "therapeutic_rate_std": 0.0,
        "episodes_majority_therapeutic": 0.0,
        "global_therapeutic_step_ratio": 0.0
      },
      "random": {
        "mean_reward": -129.068,
        "std_reward": 21.664311112980258,
        "min_reward": -172.95000000000002,
        "max_reward": -85.70000000000003,
        "episodes": 100,
        "therapeutic_rate": 0.0,
        "therapeutic_rate_std": 0.0,
        "episodes_majority_therapeutic": 0.0,
        "global_therapeutic_step_ratio": 0.0
      },
      "ppo": null
    }
  },
  "training_config": {
    "seed": 42,
    "total_timesteps_per_env": {
      "hemosim/WarfarinDosing-v0": 500000,
      "hemosim/HeparinInfusion-v0": 300000,
      "hemosim/DOACManagement-v0": 300000,
      "hemosim/DICManagement-v0": 500000
    }
  },
  "metadata": {
    "package_version": "0.2.0",
    "timestamp": "2026-04-18T18:51:43.988448+00:00",
    "n_eval_episodes": 100,
    "eval_set": "heldout",
    "eval_seed_range": [
      100000,
      100099
    ],
    "generator": "generate_results.py v2 (honest)"
  }
}